{"tileSize":16,"mapWidth":34,"mapHeight":7,"layers":[{"name":"Telhado de Cima","tiles":[{"id":"0","x":17,"y":2},{"id":"0","x":18,"y":2},{"id":"0","x":19,"y":2},{"id":"1","x":20,"y":2},{"id":"2","x":16,"y":2}],"collider":false},{"name":"teclado de baixo","tiles":[{"id":"3","x":16,"y":3},{"id":"4","x":16,"y":4},{"id":"5","x":20,"y":3},{"id":"6","x":20,"y":4},{"id":"7","x":19,"y":3},{"id":"8","x":19,"y":4},{"id":"7","x":18,"y":3},{"id":"8","x":18,"y":4},{"id":"7","x":17,"y":3},{"id":"8","x":17,"y":4}],"collider":false},{"name":"Estrutura da casa","tiles":[{"id":"9","x":16,"y":4},{"id":"10","x":17,"y":4},{"id":"10","x":19,"y":4},{"id":"11","x":20,"y":4},{"id":"12","x":18,"y":4}],"collider":false},{"name":"Ceu","tiles":[{"id":"13","x":0,"y":4},{"id":"13","x":1,"y":4},{"id":"13","x":2,"y":4},{"id":"13","x":3,"y":4},{"id":"13","x":4,"y":4},{"id":"13","x":5,"y":4},{"id":"13","x":6,"y":4},{"id":"13","x":7,"y":4},{"id":"13","x":8,"y":4},{"id":"13","x":9,"y":4},{"id":"13","x":10,"y":4},{"id":"13","x":11,"y":4},{"id":"13","x":12,"y":4},{"id":"13","x":13,"y":4},{"id":"13","x":14,"y":4},{"id":"13","x":15,"y":4},{"id":"13","x":16,"y":4},{"id":"13","x":17,"y":4},{"id":"13","x":18,"y":4},{"id":"13","x":19,"y":4},{"id":"13","x":20,"y":4},{"id":"13","x":21,"y":4},{"id":"13","x":22,"y":4},{"id":"13","x":23,"y":4},{"id":"13","x":24,"y":4},{"id":"13","x":25,"y":4},{"id":"13","x":26,"y":4},{"id":"13","x":27,"y":4},{"id":"13","x":28,"y":4},{"id":"13","x":29,"y":4},{"id":"13","x":30,"y":4},{"id":"13","x":31,"y":4},{"id":"13","x":32,"y":4},{"id":"13","x":33,"y":4},{"id":"13","x":33,"y":3},{"id":"13","x":33,"y":2},{"id":"13","x":33,"y":1},{"id":"13","x":33,"y":0},{"id":"13","x":32,"y":0},{"id":"13","x":31,"y":0},{"id":"13","x":30,"y":0},{"id":"13","x":29,"y":0},{"id":"13","x":28,"y":0},{"id":"13","x":27,"y":0},{"id":"13","x":20,"y":0},{"id":"13","x":19,"y":0},{"id":"13","x":18,"y":0},{"id":"13","x":17,"y":0},{"id":"13","x":16,"y":0},{"id":"13","x":15,"y":0},{"id":"13","x":14,"y":0},{"id":"13","x":13,"y":0},{"id":"13","x":12,"y":0},{"id":"13","x":11,"y":0},{"id":"13","x":10,"y":0},{"id":"13","x":9,"y":0},{"id":"13","x":8,"y":0},{"id":"13","x":7,"y":0},{"id":"13","x":6,"y":0},{"id":"13","x":5,"y":0},{"id":"13","x":4,"y":0},{"id":"13","x":3,"y":0},{"id":"13","x":2,"y":0},{"id":"13","x":1,"y":1},{"id":"13","x":1,"y":0},{"id":"13","x":0,"y":0},{"id":"13","x":0,"y":1},{"id":"13","x":0,"y":2},{"id":"13","x":1,"y":2},{"id":"13","x":0,"y":3},{"id":"13","x":1,"y":3},{"id":"13","x":2,"y":3},{"id":"13","x":2,"y":2},{"id":"13","x":2,"y":1},{"id":"13","x":3,"y":1},{"id":"13","x":4,"y":1},{"id":"13","x":5,"y":1},{"id":"13","x":6,"y":1},{"id":"13","x":7,"y":1},{"id":"13","x":8,"y":1},{"id":"13","x":9,"y":1},{"id":"13","x":10,"y":1},{"id":"13","x":11,"y":1},{"id":"13","x":12,"y":1},{"id":"13","x":13,"y":1},{"id":"13","x":14,"y":1},{"id":"13","x":15,"y":1},{"id":"13","x":16,"y":1},{"id":"13","x":17,"y":1},{"id":"13","x":18,"y":1},{"id":"13","x":19,"y":1},{"id":"13","x":21,"y":0},{"id":"13","x":22,"y":0},{"id":"13","x":23,"y":0},{"id":"13","x":24,"y":0},{"id":"13","x":25,"y":0},{"id":"13","x":26,"y":0},{"id":"13","x":32,"y":1},{"id":"13","x":31,"y":1},{"id":"13","x":30,"y":1},{"id":"13","x":29,"y":1},{"id":"13","x":28,"y":1},{"id":"13","x":27,"y":1},{"id":"13","x":26,"y":1},{"id":"13","x":25,"y":1},{"id":"13","x":24,"y":1},{"id":"13","x":23,"y":1},{"id":"13","x":22,"y":1},{"id":"13","x":21,"y":1},{"id":"13","x":20,"y":1},{"id":"13","x":22,"y":2},{"id":"13","x":23,"y":2},{"id":"13","x":24,"y":2},{"id":"13","x":25,"y":2},{"id":"13","x":26,"y":2},{"id":"13","x":27,"y":2},{"id":"13","x":28,"y":2},{"id":"13","x":29,"y":2},{"id":"13","x":30,"y":2},{"id":"13","x":31,"y":2},{"id":"13","x":32,"y":2},{"id":"13","x":32,"y":3},{"id":"13","x":31,"y":3},{"id":"13","x":30,"y":3},{"id":"13","x":29,"y":3},{"id":"13","x":28,"y":3},{"id":"13","x":27,"y":3},{"id":"13","x":26,"y":3},{"id":"13","x":25,"y":3},{"id":"13","x":24,"y":3},{"id":"13","x":23,"y":3},{"id":"13","x":22,"y":3},{"id":"13","x":21,"y":3},{"id":"13","x":20,"y":3},{"id":"13","x":19,"y":3},{"id":"13","x":18,"y":3},{"id":"13","x":17,"y":3},{"id":"13","x":16,"y":3},{"id":"13","x":15,"y":3},{"id":"13","x":13,"y":3},{"id":"13","x":14,"y":3},{"id":"13","x":17,"y":2},{"id":"13","x":21,"y":2},{"id":"13","x":20,"y":2},{"id":"13","x":19,"y":2},{"id":"13","x":18,"y":2},{"id":"13","x":16,"y":2},{"id":"13","x":15,"y":2},{"id":"13","x":14,"y":2},{"id":"13","x":13,"y":2},{"id":"13","x":12,"y":2},{"id":"13","x":11,"y":2},{"id":"13","x":10,"y":2},{"id":"13","x":9,"y":2},{"id":"13","x":8,"y":2},{"id":"13","x":7,"y":2},{"id":"13","x":6,"y":2},{"id":"13","x":5,"y":2},{"id":"13","x":4,"y":2},{"id":"13","x":3,"y":2},{"id":"13","x":3,"y":3},{"id":"13","x":4,"y":3},{"id":"13","x":5,"y":3},{"id":"13","x":6,"y":3},{"id":"13","x":7,"y":3},{"id":"13","x":8,"y":3},{"id":"13","x":9,"y":3},{"id":"13","x":10,"y":3},{"id":"13","x":11,"y":3},{"id":"13","x":12,"y":3}],"collider":false},{"name":"Chão","tiles":[{"id":"14","x":11,"y":6},{"id":"14","x":8,"y":6},{"id":"14","x":6,"y":6},{"id":"14","x":3,"y":6},{"id":"14","x":0,"y":6},{"id":"15","x":2,"y":5},{"id":"15","x":1,"y":5},{"id":"15","x":0,"y":5},{"id":"15","x":3,"y":5},{"id":"15","x":4,"y":5},{"id":"15","x":5,"y":5},{"id":"15","x":6,"y":5},{"id":"15","x":7,"y":5},{"id":"15","x":8,"y":5},{"id":"15","x":9,"y":5},{"id":"15","x":10,"y":5},{"id":"15","x":11,"y":5},{"id":"15","x":12,"y":5},{"id":"15","x":13,"y":5},{"id":"15","x":14,"y":5},{"id":"15","x":15,"y":5},{"id":"15","x":16,"y":5},{"id":"15","x":17,"y":5},{"id":"15","x":18,"y":5},{"id":"14","x":13,"y":6},{"id":"14","x":14,"y":6},{"id":"14","x":18,"y":6},{"id":"16","x":2,"y":6},{"id":"16","x":9,"y":6},{"id":"16","x":10,"y":6},{"id":"16","x":16,"y":6},{"id":"17","x":5,"y":6},{"id":"18","x":7,"y":6},{"id":"19","x":1,"y":6},{"id":"19","x":12,"y":6},{"id":"20","x":4,"y":6},{"id":"20","x":15,"y":6},{"id":"20","x":17,"y":6},{"id":"20","x":19,"y":6},{"id":"20","x":22,"y":6},{"id":"20","x":25,"y":6},{"id":"20","x":26,"y":6},{"id":"20","x":29,"y":6},{"id":"19","x":21,"y":6},{"id":"19","x":24,"y":6},{"id":"19","x":27,"y":6},{"id":"19","x":32,"y":6},{"id":"19","x":33,"y":6},{"id":"17","x":20,"y":6},{"id":"17","x":23,"y":6},{"id":"17","x":28,"y":6},{"id":"17","x":30,"y":6},{"id":"17","x":31,"y":6},{"id":"15","x":19,"y":5},{"id":"15","x":20,"y":5},{"id":"15","x":21,"y":5},{"id":"15","x":22,"y":5},{"id":"15","x":23,"y":5},{"id":"15","x":24,"y":5},{"id":"15","x":25,"y":5},{"id":"15","x":26,"y":5},{"id":"15","x":27,"y":5},{"id":"15","x":28,"y":5},{"id":"15","x":29,"y":5},{"id":"15","x":30,"y":5},{"id":"15","x":31,"y":5},{"id":"15","x":32,"y":5},{"id":"15","x":33,"y":5}],"collider":true}]}